,trials,agent random,expert greybeard,agent rehab
av_intervention_cost,100,36.21550000000003,11.000000000000002,6.43349999999999
av_reliability,100,0.8557117765011535,0.6803924770716214,0.45322494024514115
